id,name,short_hand,type,ratio_to_parent,ratio_type,parent_id
99720d8a-08ca-4e51-9a4b-a467ef620ceb,degree,°,ANGLE,NULL,NULL,NULL
c0ec1623-0245-4f37-9ce8-cf44cb3dfa88,arcminute,NULL,ANGLE,${value}/(360*60),EXPRESSION,99720d8a-08ca-4e51-9a4b-a467ef620ceb
ff86120f-4558-4b8e-9b8d-c3685376b651,arcsecond,NULL,ANGLE,${value}/(360*3600),EXPRESSION,99720d8a-08ca-4e51-9a4b-a467ef620ceb
472ca1e4-03be-466f-9552-9249d6172311,circle,NULL,ANGLE,1,BIG_DECIMAL,99720d8a-08ca-4e51-9a4b-a467ef620ceb
0148e8e4-bd58-4dc6-badf-f14d23c9af3f,gon,NULL,ANGLE,${value}/400,EXPRESSION,99720d8a-08ca-4e51-9a4b-a467ef620ceb
eb52a057-8daf-4e75-86fa-441f771a45da,grad,NULL,ANGLE,${value}/400,EXPRESSION,99720d8a-08ca-4e51-9a4b-a467ef620ceb
54cf4618-7807-4736-bf84-ff7598309d39,mil (Nato),NULL,ANGLE,${value}/6400,EXPRESSION,99720d8a-08ca-4e51-9a4b-a467ef620ceb
9c74866b-25be-4189-b569-f4288453a9bd,mil (Soviet Union),NULL,ANGLE,${value}/6000,EXPRESSION,99720d8a-08ca-4e51-9a4b-a467ef620ceb
a62081a5-ac33-461a-a318-250784a1f794,mil (Sweden),NULL,ANGLE,${value}/6300,EXPRESSION,99720d8a-08ca-4e51-9a4b-a467ef620ceb
855bf3f3-039d-4001-b55c-6f1e8983de17,octant,NULL,ANGLE,0.125,BIG_DECIMAL,99720d8a-08ca-4e51-9a4b-a467ef620ceb
1e0c8d5c-24c0-440f-8aba-ab863ef0aa6a,quadrant,NULL,ANGLE,0.25,BIG_DECIMAL,99720d8a-08ca-4e51-9a4b-a467ef620ceb
5280672e-5b6b-4617-88f2-96089c8d0d80,radian,NULL,ANGLE,${value} / (2 * PI),EXPRESSION,99720d8a-08ca-4e51-9a4b-a467ef620ceb
65773bd2-65e5-4508-a910-9b8cb8fb65f0,revolution,NULL,ANGLE,1,BIG_DECIMAL,99720d8a-08ca-4e51-9a4b-a467ef620ceb
87f8995d-ff13-4fa6-a7e4-0f0b2bd659b5,sextant,NULL,ANGLE,${value}/6,EXPRESSION,99720d8a-08ca-4e51-9a4b-a467ef620ceb
b28acd80-2521-45ba-aab6-f671b20e45c0,sign,NULL,ANGLE,${value}/12,EXPRESSION,99720d8a-08ca-4e51-9a4b-a467ef620ceb
b6dcbfd5-5073-4077-8bb3-f7e7a3312a00,turn,NULL,ANGLE,1,BIG_DECIMAL,99720d8a-08ca-4e51-9a4b-a467ef620ceb
4e886e1f-69e2-4e27-92be-eaab3154a8ed,square meters,m²,AREA,NULL,NULL,NULL
d796c39d-acad-41ce-a20f-dad8d528b060,acres,NULL,AREA,4046.8564224,BIG_DECIMAL,4e886e1f-69e2-4e27-92be-eaab3154a8ed
8bbfbd14-7772-4a81-bdca-57de088cee2f,ares,NULL,AREA,100,BIG_DECIMAL,4e886e1f-69e2-4e27-92be-eaab3154a8ed
f9204957-a679-432a-832d-43e3600c92f8,circular inches,NULL,AREA,0.000506707479,BIG_DECIMAL,4e886e1f-69e2-4e27-92be-eaab3154a8ed
a741be17-9242-4801-bdd5-c6cce5a9b0e1,hectares,NULL,AREA,10000,BIG_DECIMAL,4e886e1f-69e2-4e27-92be-eaab3154a8ed
abe5df07-54df-45b2-8020-f3179fc9343a,hides,NULL,AREA,485000,BIG_DECIMAL,4e886e1f-69e2-4e27-92be-eaab3154a8ed
ac303537-d59d-41a8-8819-3ec2c6a217b9,roods,NULL,AREA,1011.7141056,BIG_DECIMAL,4e886e1f-69e2-4e27-92be-eaab3154a8ed
54628221-dcfe-4b1b-b765-e2b333c32f7e,square centimeters,cm²,AREA,0.0001,BIG_DECIMAL,4e886e1f-69e2-4e27-92be-eaab3154a8ed
f64e0581-3a77-402a-babe-fb3e83a2db2c,square feet (US & UK),NULL,AREA,0.09290304,BIG_DECIMAL,4e886e1f-69e2-4e27-92be-eaab3154a8ed
7046834f-e446-4491-92af-82fb5187b364,square feet (US survey),NULL,AREA,0.092903411613,BIG_DECIMAL,4e886e1f-69e2-4e27-92be-eaab3154a8ed
b8b59038-246d-4615-885f-8aa91c868ee4,square inches,NULL,AREA,0.00064516,BIG_DECIMAL,4e886e1f-69e2-4e27-92be-eaab3154a8ed
8c2d997d-dd6f-44ef-8b58-a07251d2697e,square kilometers,km²,AREA,1000000,BIG_DECIMAL,4e886e1f-69e2-4e27-92be-eaab3154a8ed
329fac17-f30c-424b-a649-8b2e11a63e79,square miles,NULL,AREA,2589988.110336,BIG_DECIMAL,4e886e1f-69e2-4e27-92be-eaab3154a8ed
f623348f-136f-4976-84ad-9a4d48e84ed9,square millimeters,mm²,AREA,0.000001,BIG_DECIMAL,4e886e1f-69e2-4e27-92be-eaab3154a8ed
49fc34cd-b127-4b57-b372-5d027aae0805,squares (of timber),NULL,AREA,9.290304,BIG_DECIMAL,4e886e1f-69e2-4e27-92be-eaab3154a8ed
4105f2f1-f109-4d02-beaa-dfc7adb3590f,square rods (or poles),NULL,AREA,25.29285264,BIG_DECIMAL,4e886e1f-69e2-4e27-92be-eaab3154a8ed
f4b97f0b-8643-4c4f-8838-ca7c7bf12fe7,square yards,NULL,AREA,0.83612736,BIG_DECIMAL,4e886e1f-69e2-4e27-92be-eaab3154a8ed
025c5088-e26a-4e7f-9587-49271f6a4e3f,townships,NULL,AREA,93239571.972,BIG_DECIMAL,4e886e1f-69e2-4e27-92be-eaab3154a8ed
7f61e93f-f34d-4724-8b87-50d952a7c01b,bytes,NULL,DATA,NULL,NULL,NULL
0676ccf3-bbf1-43b8-9961-052be9ee8b94,bits,NULL,DATA,0.125,BIG_DECIMAL,7f61e93f-f34d-4724-8b87-50d952a7c01b
2d5ac760-6c55-4b36-9fc4-fbf5b6a751eb,kilobits,Kb,DATA,128,BIG_DECIMAL,7f61e93f-f34d-4724-8b87-50d952a7c01b
3c826890-034e-4800-99bd-699e952c504d,kilobytes,KB,DATA,1024,BIG_DECIMAL,7f61e93f-f34d-4724-8b87-50d952a7c01b
ec754a2b-ba72-4f8c-8bb9-8d375ec0f2f8,megabits,Mb,DATA,131072,BIG_DECIMAL,7f61e93f-f34d-4724-8b87-50d952a7c01b
527c7ae0-41c3-4e10-8e3f-b92ef818bfe2,megabytes,MB,DATA,1048576,BIG_DECIMAL,7f61e93f-f34d-4724-8b87-50d952a7c01b
bea71eae-6f13-4c51-b1c1-9bbb380845f9,gigabits,Gb,DATA,134217728,BIG_DECIMAL,7f61e93f-f34d-4724-8b87-50d952a7c01b
7698b8e5-b04a-4560-b82f-24f42956ec64,gigabytes,GB,DATA,1073741824,BIG_DECIMAL,7f61e93f-f34d-4724-8b87-50d952a7c01b
7e486a11-e4bf-42b7-a9c8-285693f89889,terabits,Tb,DATA,137438953472,BIG_DECIMAL,7f61e93f-f34d-4724-8b87-50d952a7c01b
d4b8fa3f-e66a-48e0-b98f-d06e749b8b09,terabytes,TB,DATA,1099511627776,BIG_DECIMAL,7f61e93f-f34d-4724-8b87-50d952a7c01b
9763db35-f82c-4d53-b46a-6d00e014d65a,petabits,Pb,DATA,140737488355328,BIG_DECIMAL,7f61e93f-f34d-4724-8b87-50d952a7c01b
22f111b5-e35c-4e70-9202-c84ac0a8d52b,petabytes,PB,DATA,1125899906842624,BIG_DECIMAL,7f61e93f-f34d-4724-8b87-50d952a7c01b
75440494-8cb2-49ff-a22d-77ffe50f52b4,exabits,Eb,DATA,144115188075855870,BIG_DECIMAL,7f61e93f-f34d-4724-8b87-50d952a7c01b
b59bb534-a3e8-491b-8509-c2ea9a3f8da0,exabytes,EB,DATA,1152921504606847000,BIG_DECIMAL,7f61e93f-f34d-4724-8b87-50d952a7c01b
ccb6fe74-2bf4-4c2b-9833-737da60d82eb,United States Dollar,$,CURRENCY,NULL,NULL,NULL
a192af9a-1f80-4368-9083-df16bd291f1f,Australian Dollar,A$,CURRENCY,AUD,CURRENCY,ccb6fe74-2bf4-4c2b-9833-737da60d82eb
ec2d49be-3802-41d5-9b89-5d0856be1e01,British Pound Sterling,£,CURRENCY,GBP,CURRENCY,ccb6fe74-2bf4-4c2b-9833-737da60d82eb
56a6b55d-c5bd-4f8f-8fc6-000ad0500684,Bulgarian lev,лв,CURRENCY,BGN,CURRENCY,ccb6fe74-2bf4-4c2b-9833-737da60d82eb
3f1997ac-5667-40d1-aa1b-a64fe9cb640e,Canadian Dollar,CA$,CURRENCY,CAD,CURRENCY,ccb6fe74-2bf4-4c2b-9833-737da60d82eb
e8899ed5-fdb6-4faf-996c-15fc3bde8764,Chinese yuan renminbi,CN¥,CURRENCY,CNY,CURRENCY,ccb6fe74-2bf4-4c2b-9833-737da60d82eb
835eed31-9e14-4ebd-930d-1dfb7100bc3f,Croatian kuna,kn,CURRENCY,HRK,CURRENCY,ccb6fe74-2bf4-4c2b-9833-737da60d82eb
e87497c7-86af-47a9-86d5-615a6ba3c59c,Czech koruna,Kč,CURRENCY,CZK,CURRENCY,ccb6fe74-2bf4-4c2b-9833-737da60d82eb
874d630b-e67b-40bc-8bdb-b6baff2bc0fd,Danish Krone,kr,CURRENCY,DKK,CURRENCY,ccb6fe74-2bf4-4c2b-9833-737da60d82eb
e68d04a9-725c-41f0-8a59-f3b968560a2f,Euro,€,CURRENCY,EUR,CURRENCY,ccb6fe74-2bf4-4c2b-9833-737da60d82eb
882de6f9-c467-4314-8bee-8f563af0428a,Hong Kong Dollar,HK$,CURRENCY,HKD,CURRENCY,ccb6fe74-2bf4-4c2b-9833-737da60d82eb
504fe841-a817-4ec7-b542-9ee2c1f086e5,Hungarian forint,Ft,CURRENCY,HUF,CURRENCY,ccb6fe74-2bf4-4c2b-9833-737da60d82eb
0c1161f4-1907-43b9-a8fb-424e06840e74,Icelandic krona,Íkr,CURRENCY,ISK,CURRENCY,ccb6fe74-2bf4-4c2b-9833-737da60d82eb
ac53288a-9014-4854-b842-89292b521a00,Indian Rupee,Rs.,CURRENCY,INR,CURRENCY,ccb6fe74-2bf4-4c2b-9833-737da60d82eb
9c70bd16-d6c9-4b6b-ae42-2153b7be5ddb,Indonesian rupiah,Rp,CURRENCY,IDR,CURRENCY,ccb6fe74-2bf4-4c2b-9833-737da60d82eb
95e7d532-4787-4205-9451-32361c2dec5e,Israeli shekel,₪,CURRENCY,ILS,CURRENCY,ccb6fe74-2bf4-4c2b-9833-737da60d82eb
b4040337-2bd4-4ce2-823e-0271c795aa42,Japanese Yen,¥,CURRENCY,JPY,CURRENCY,ccb6fe74-2bf4-4c2b-9833-737da60d82eb
f402bfc9-af4a-4d30-b733-ef1fc2c2f469,Malaysian Ringgit,MYR,CURRENCY,MYR,CURRENCY,ccb6fe74-2bf4-4c2b-9833-737da60d82eb
da176a2a-0c44-4884-9181-2e41259a1327,Mexican Peso,MX$,CURRENCY,MXN,CURRENCY,ccb6fe74-2bf4-4c2b-9833-737da60d82eb
c6a23175-a1e7-4b9b-975e-efd09443ee2a,New Zealand Dollar,NZ$,CURRENCY,NZD,CURRENCY,ccb6fe74-2bf4-4c2b-9833-737da60d82eb
144f707a-bd99-4e77-848d-db9b250dfba4,Norwegian Krone,NOK,CURRENCY,NOK,CURRENCY,ccb6fe74-2bf4-4c2b-9833-737da60d82eb
86ed0a93-85a7-429f-af07-2cc84e7c86d5,Philippine Peso,₱,CURRENCY,PHP,CURRENCY,ccb6fe74-2bf4-4c2b-9833-737da60d82eb
f7d13d5f-b311-46cf-925a-419d8f8c26da,Polish Zloty,PLN,CURRENCY,PLN,CURRENCY,ccb6fe74-2bf4-4c2b-9833-737da60d82eb
55b66899-685a-42de-86e7-a98729c860db,Romanian leu,RON,CURRENCY,RON,CURRENCY,ccb6fe74-2bf4-4c2b-9833-737da60d82eb
b02100d3-535e-4a71-87e2-748d5adb459c,Russian Ruble,RUB,CURRENCY,RUB,CURRENCY,ccb6fe74-2bf4-4c2b-9833-737da60d82eb
b77a6e73-99ee-4488-9423-c1c7323fde14,Singapore Dollar,$,CURRENCY,SGD,CURRENCY,ccb6fe74-2bf4-4c2b-9833-737da60d82eb
a18f1895-6282-41e0-baf0-9d7ec10b08d9,South African Rand,ZAR,CURRENCY,ZAR,CURRENCY,ccb6fe74-2bf4-4c2b-9833-737da60d82eb
8b1af20a-dbb4-49c2-89d3-e2d2fd2d97f9,South Korean Won,₩,CURRENCY,KRW,CURRENCY,ccb6fe74-2bf4-4c2b-9833-737da60d82eb
7247d49d-950f-4800-8907-3188aa00a6d3,Swedish Krona,kr,CURRENCY,SEK,CURRENCY,ccb6fe74-2bf4-4c2b-9833-737da60d82eb
5895fb32-0412-425f-a34b-dfef5a563f82,Swiss Franc,CHF,CURRENCY,CHF,CURRENCY,ccb6fe74-2bf4-4c2b-9833-737da60d82eb
369c99e7-bd3a-4ae8-830a-a1a7c5361a27,Thai Baht,฿,CURRENCY,THB,CURRENCY,ccb6fe74-2bf4-4c2b-9833-737da60d82eb
b0394845-2838-4ea9-a70d-4d145a2a6350,Turkish Lira,TRY,CURRENCY,TRY,CURRENCY,ccb6fe74-2bf4-4c2b-9833-737da60d82eb
dce17876-ac3c-4a36-8981-d530b040e2c9,kilograms/liter,kg/l,DENSITY,NULL,NULL,NULL
dbb253eb-380b-4e16-92bb-71c015cea718,grains/gallon (UK),gr/gal,DENSITY,0.000014253948343691203,BIG_DECIMAL,dce17876-ac3c-4a36-8981-d530b040e2c9
02f0775c-e65e-4e93-aca6-eac40ad99102,grains/gallon (US),gr/gal,DENSITY,0.000017118011571775823,BIG_DECIMAL,dce17876-ac3c-4a36-8981-d530b040e2c9
709c5e27-156e-4850-9d93-a6dec49f9182,grams/cubic centimeters,g/cm³,DENSITY,1,BIG_DECIMAL,dce17876-ac3c-4a36-8981-d530b040e2c9
83600ce9-2994-415a-a841-9711f0c447fe,grams/liter,g/l,DENSITY,0.001,BIG_DECIMAL,dce17876-ac3c-4a36-8981-d530b040e2c9
0e2317cd-ea68-4d1c-ac25-6eef04b63b22,grams/milliliters,g/ml,DENSITY,1,BIG_DECIMAL,dce17876-ac3c-4a36-8981-d530b040e2c9
b277a61e-acec-440e-ba7d-e18ba58db75c,kilograms/cubic meters,kg/m³,DENSITY,0.001,BIG_DECIMAL,dce17876-ac3c-4a36-8981-d530b040e2c9
0b29c26e-075e-4c2e-aef5-ef5fd00855e0,megagrams/cubic meter,Mg/m³,DENSITY,1,BIG_DECIMAL,dce17876-ac3c-4a36-8981-d530b040e2c9
38746812-13a2-4b63-8a8b-2c89ad0762a9,milligrams/milliliter,mg/ml,DENSITY,0.001,BIG_DECIMAL,dce17876-ac3c-4a36-8981-d530b040e2c9
593d09de-3600-44e6-bcdf-90bcd1134fcd,milligrams/liter,mg/l,DENSITY,0.000001,BIG_DECIMAL,dce17876-ac3c-4a36-8981-d530b040e2c9
e408f618-7879-46cd-bf99-16f4604562cf,ounces/cubic inch,oz/in³,DENSITY,1.729994044,BIG_DECIMAL,dce17876-ac3c-4a36-8981-d530b040e2c9
af6b5129-d507-4613-948d-17d1a9db728d,ounces/gallon (UK),oz/gal,DENSITY,0.006236023,BIG_DECIMAL,dce17876-ac3c-4a36-8981-d530b040e2c9
a8c80760-ba2e-42b2-bb8d-ce2ce3d771d3,ounces/gallon (US),oz/gal,DENSITY,0.007489152,BIG_DECIMAL,dce17876-ac3c-4a36-8981-d530b040e2c9
d5a369bb-7c87-4c2c-8006-794ddf132e0f,pounds/cubic inch,lb/in³,DENSITY,27.679904,BIG_DECIMAL,dce17876-ac3c-4a36-8981-d530b040e2c9
ad28ba18-19f9-4eb4-9949-50bbbd04bccf,pounds/cubic foot,lb/ft³,DENSITY,0.016018463,BIG_DECIMAL,dce17876-ac3c-4a36-8981-d530b040e2c9
e4e1737f-f278-44e0-8217-c58e2ed5e833,pounds/gallon (UK),lb/gal,DENSITY,0.099776373,BIG_DECIMAL,dce17876-ac3c-4a36-8981-d530b040e2c9
d9a3e32c-ba6e-40c3-a023-557651a5969b,pounds/gallon (US),lb/gal,DENSITY,0.119826427,BIG_DECIMAL,dce17876-ac3c-4a36-8981-d530b040e2c9
75e7e3b6-a63c-4a6a-b3fe-0e1ea932cfaa,slugs/cubic foot,NULL,DENSITY,0.51531788206,BIG_DECIMAL,dce17876-ac3c-4a36-8981-d530b040e2c9
d3b367a3-6f7e-48a0-8952-63bd990c5aa2,tonnes/cubic meter,NULL,DENSITY,1,BIG_DECIMAL,dce17876-ac3c-4a36-8981-d530b040e2c9
21834ab9-9527-4d9f-a7ac-703921a31c69,tons (UK)/cubic yard,NULL,DENSITY,1.328939184,BIG_DECIMAL,dce17876-ac3c-4a36-8981-d530b040e2c9
70ec9b7c-48c8-45e5-82b2-11944853c4bd,tons (US)/cubic yard,NULL,DENSITY,1.186552843,BIG_DECIMAL,dce17876-ac3c-4a36-8981-d530b040e2c9
cddb65db-8b1d-4fe1-a15e-64ac8da2dc78,ampere,A,ELECTRIC_CURRENT,NULL,NULL,NULL
0ae3a7cc-ff98-4ab1-9cd8-726d1eb077c3,abampere,abA,ELECTRIC_CURRENT,10,BIG_DECIMAL,cddb65db-8b1d-4fe1-a15e-64ac8da2dc78
da87d276-f919-4ec6-95f5-7e853095d148,biot,Bi,ELECTRIC_CURRENT,10,BIG_DECIMAL,cddb65db-8b1d-4fe1-a15e-64ac8da2dc78
f461abae-300e-43f6-a63f-530a5c404090,centiampere,NULL,ELECTRIC_CURRENT,0.01,BIG_DECIMAL,cddb65db-8b1d-4fe1-a15e-64ac8da2dc78
d6df025b-5a23-43ce-9104-67ca5639eb7a,coulomb/second,NULL,ELECTRIC_CURRENT,1,BIG_DECIMAL,cddb65db-8b1d-4fe1-a15e-64ac8da2dc78
cbc0ccc6-40dd-4f26-9e92-cc3bf2220507,EMU of current,NULL,ELECTRIC_CURRENT,10,BIG_DECIMAL,cddb65db-8b1d-4fe1-a15e-64ac8da2dc78
dc0719b9-8aa8-4e1a-be19-9e225be71439,ESU of current,NULL,ELECTRIC_CURRENT,3.335641e-10,BIG_DECIMAL,cddb65db-8b1d-4fe1-a15e-64ac8da2dc78
2059fbd6-5897-4492-a206-10b147dbf14f,franklin/second,NULL,ELECTRIC_CURRENT,3.335641e-10,BIG_DECIMAL,cddb65db-8b1d-4fe1-a15e-64ac8da2dc78
a7b88159-3f8a-4f57-8aa7-5e52811b72d6,gaussian electric current,NULL,ELECTRIC_CURRENT,3.335641e-10,BIG_DECIMAL,cddb65db-8b1d-4fe1-a15e-64ac8da2dc78
4c2a8747-c647-4cb9-8db7-2d9533099d54,gigaampere,NULL,ELECTRIC_CURRENT,1000000000,BIG_DECIMAL,cddb65db-8b1d-4fe1-a15e-64ac8da2dc78
eda8cdec-501e-47b5-8bb9-087f88e17d7d,gilbert,Gi,ELECTRIC_CURRENT,0.79577472,BIG_DECIMAL,cddb65db-8b1d-4fe1-a15e-64ac8da2dc78
752f89d7-4ca3-4d74-88ff-138bf1e81fe2,kiloampere,kA,ELECTRIC_CURRENT,1000,BIG_DECIMAL,cddb65db-8b1d-4fe1-a15e-64ac8da2dc78
4ab640cf-401a-4293-bbf0-ad4270cd17a8,megaampere,NULL,ELECTRIC_CURRENT,1000000,BIG_DECIMAL,cddb65db-8b1d-4fe1-a15e-64ac8da2dc78
59da8504-de10-434c-8ac6-4ebf5c3d5d36,microampere,NULL,ELECTRIC_CURRENT,0.000001,BIG_DECIMAL,cddb65db-8b1d-4fe1-a15e-64ac8da2dc78
95a47ff7-2c4d-4440-b2ee-ef1725b6671a,milliampere,mA,ELECTRIC_CURRENT,0.001,BIG_DECIMAL,cddb65db-8b1d-4fe1-a15e-64ac8da2dc78
e78cc7e2-6e5d-4261-864c-b2cfb4cb4db1,milliamp,NULL,ELECTRIC_CURRENT,0.001,BIG_DECIMAL,cddb65db-8b1d-4fe1-a15e-64ac8da2dc78
c63559db-e52c-4ed8-a6e9-078826ba7248,nanoampere,NULL,ELECTRIC_CURRENT,1e-9,BIG_DECIMAL,cddb65db-8b1d-4fe1-a15e-64ac8da2dc78
fc3afe6f-2089-49f4-b6e7-73a6ac8a6451,picoampere,NULL,ELECTRIC_CURRENT,1e-12,BIG_DECIMAL,cddb65db-8b1d-4fe1-a15e-64ac8da2dc78
9a8a52b1-12bb-4c8b-88f5-96c82fa8b4db,siemens volt,NULL,ELECTRIC_CURRENT,1,BIG_DECIMAL,cddb65db-8b1d-4fe1-a15e-64ac8da2dc78
1f10c21d-1e7a-4315-a026-012ed9cacc03,statampere,stA,ELECTRIC_CURRENT,3.335641e-10,BIG_DECIMAL,cddb65db-8b1d-4fe1-a15e-64ac8da2dc78
75d165fd-4ea8-43bb-83e4-ab10d436d4c7,teraampere,NULL,ELECTRIC_CURRENT,1000000000000,BIG_DECIMAL,cddb65db-8b1d-4fe1-a15e-64ac8da2dc78
d1c3eff9-0c48-46cd-9baa-98e013211d2d,volt/ohm,NULL,ELECTRIC_CURRENT,1,BIG_DECIMAL,cddb65db-8b1d-4fe1-a15e-64ac8da2dc78
4b58d70a-c650-44ed-8f0d-0e5924e5895e,watt/volt,NULL,ELECTRIC_CURRENT,1,BIG_DECIMAL,cddb65db-8b1d-4fe1-a15e-64ac8da2dc78
b004c3cc-2bc0-4b2c-9dba-636b96d613eb,weber/henry,NULL,ELECTRIC_CURRENT,1,BIG_DECIMAL,cddb65db-8b1d-4fe1-a15e-64ac8da2dc78
6ffbb92d-74d5-45aa-bd71-02b2496b1928,joules,J,ENERGY,NULL,NULL,NULL
aa3f589a-730a-4f90-ad89-e6f5bbb32f1b,Btu (th),NULL,ENERGY,1054.35,BIG_DECIMAL,6ffbb92d-74d5-45aa-bd71-02b2496b1928
b413864f-ad48-4f4b-aca5-613fee48ea86,Btu (mean),NULL,ENERGY,1055.87,BIG_DECIMAL,6ffbb92d-74d5-45aa-bd71-02b2496b1928
405860b7-ee82-4858-96e5-0f1fc2c0b64b,calories (IT),NULL,ENERGY,4.1868,BIG_DECIMAL,6ffbb92d-74d5-45aa-bd71-02b2496b1928
ef56d20f-d496-4b53-83fb-a184d29513aa,calories (th),NULL,ENERGY,4.184,BIG_DECIMAL,6ffbb92d-74d5-45aa-bd71-02b2496b1928
53e1e375-ad86-4036-8157-5232fbab689c,calories (mean),NULL,ENERGY,4.19002,BIG_DECIMAL,6ffbb92d-74d5-45aa-bd71-02b2496b1928
43ea5fc9-e391-421c-90dc-ab3881c6b783,calories (15C),NULL,ENERGY,4.1858,BIG_DECIMAL,6ffbb92d-74d5-45aa-bd71-02b2496b1928
3d8d752a-3af5-4542-a464-6510dadcd250,calories (20C),NULL,ENERGY,4.1819,BIG_DECIMAL,6ffbb92d-74d5-45aa-bd71-02b2496b1928
9a1d7c84-9e84-4bb5-a909-59876221100e,calories (food),NULL,ENERGY,4186,BIG_DECIMAL,6ffbb92d-74d5-45aa-bd71-02b2496b1928
00833c2d-e28d-4af2-b709-5c8fdf3c3249,centigrade heat units,NULL,ENERGY,1900.4,BIG_DECIMAL,6ffbb92d-74d5-45aa-bd71-02b2496b1928
8052a4b3-cc99-4caa-8e14-c1eae1399aa1,"Dutch natural gas (m³, LHV)",NULL,ENERGY,31650000,BIG_DECIMAL,6ffbb92d-74d5-45aa-bd71-02b2496b1928
59965efb-6fc4-45e7-9f09-e8e09d205ba9,electron volts,eV,ENERGY,1.60219e-19,BIG_DECIMAL,6ffbb92d-74d5-45aa-bd71-02b2496b1928
b9f0658d-c596-4d06-b856-811b01040799,ergs,NULL,ENERGY,1e-7,BIG_DECIMAL,6ffbb92d-74d5-45aa-bd71-02b2496b1928
67b9fe70-27eb-454a-892f-e5d2ae8db453,exajoules,EJ,ENERGY,1000000000000000000,BIG_DECIMAL,6ffbb92d-74d5-45aa-bd71-02b2496b1928
2977c90a-b59e-460e-95d6-c6821f2dbb45,foot-pound force,ft lbs,ENERGY,1.3558179483314003,BIG_DECIMAL,6ffbb92d-74d5-45aa-bd71-02b2496b1928
23c3d50b-36ac-423b-9ed9-1dbb18cafb46,foot poundals,NULL,ENERGY,0.04214,BIG_DECIMAL,6ffbb92d-74d5-45aa-bd71-02b2496b1928
77072ab0-b092-4578-9dcc-9d3caea17711,gasoline (L),NULL,ENERGY,34200000,BIG_DECIMAL,6ffbb92d-74d5-45aa-bd71-02b2496b1928
f7c287b3-be58-4059-bdb8-3e78b6661736,gigajoules,GJ,ENERGY,1000000000,BIG_DECIMAL,6ffbb92d-74d5-45aa-bd71-02b2496b1928
880b68c9-5fce-470b-a156-493090b72996,gigawatt hours,GWh,ENERGY,3600000000000,BIG_DECIMAL,6ffbb92d-74d5-45aa-bd71-02b2496b1928
96d5b001-444c-4d9a-af58-1125e3f64c74,horsepower hours,NULL,ENERGY,2684520,BIG_DECIMAL,6ffbb92d-74d5-45aa-bd71-02b2496b1928
4318c364-09bc-4354-ad62-503257464069,inch-pound force,  in lbf,ENERGY,0.11298482902761668,BIG_DECIMAL,6ffbb92d-74d5-45aa-bd71-02b2496b1928
5a618a7b-d12a-4595-afe8-2850dcd4747b,kilocalories (IT),NULL,ENERGY,4186.8,BIG_DECIMAL,6ffbb92d-74d5-45aa-bd71-02b2496b1928
0edad74a-9fd1-4403-9838-f4a8aae1f595,kilocalories (th),NULL,ENERGY,4184,BIG_DECIMAL,6ffbb92d-74d5-45aa-bd71-02b2496b1928
575f04f5-2b01-4a1e-bfba-6752bd30e5c3,kilogram-force meters,NULL,ENERGY,9.80665,BIG_DECIMAL,6ffbb92d-74d5-45aa-bd71-02b2496b1928
a60823d5-77f9-45ce-880c-616c4a29b45c,kilojoules,kJ,ENERGY,1000,BIG_DECIMAL,6ffbb92d-74d5-45aa-bd71-02b2496b1928
bcf19da1-2350-46d7-b668-bbaf38b2ca8e,kilowatt hours,kWh,ENERGY,3600000,BIG_DECIMAL,6ffbb92d-74d5-45aa-bd71-02b2496b1928
e934d58b-adb1-4f91-9e1e-7a5a7b1038b2,megajoules,MJ,ENERGY,1000000,BIG_DECIMAL,6ffbb92d-74d5-45aa-bd71-02b2496b1928
0abc1b4e-b6e1-43be-a508-bddc01595e0d,megawatt hours,MWh,ENERGY,3600000000,BIG_DECIMAL,6ffbb92d-74d5-45aa-bd71-02b2496b1928
817b5bfb-5d03-44e7-b9cf-52b84de988f8,newton meters,Nm,ENERGY,1,BIG_DECIMAL,6ffbb92d-74d5-45aa-bd71-02b2496b1928
8b6a7704-8fc9-4221-8306-99007c718af4,petajoules,PJ,ENERGY,1000000000000000,BIG_DECIMAL,6ffbb92d-74d5-45aa-bd71-02b2496b1928
873c052c-e7fb-470f-9fd7-037c39ec683a,terajoules,TJ,ENERGY,1000000000000,BIG_DECIMAL,6ffbb92d-74d5-45aa-bd71-02b2496b1928
1469a75a-ed17-473c-b662-8ce71be826b0,terawatt hours,TWh,ENERGY,3600000000000000,BIG_DECIMAL,6ffbb92d-74d5-45aa-bd71-02b2496b1928
4a06d330-1438-4a73-ba2c-b95fa03210b2,therms,NULL,ENERGY,105505585.257348,BIG_DECIMAL,6ffbb92d-74d5-45aa-bd71-02b2496b1928
d5737a8c-2fc0-4bb3-a909-ee5864e1ac1e,watt seconds,Ws,ENERGY,1,BIG_DECIMAL,6ffbb92d-74d5-45aa-bd71-02b2496b1928
b4a4e9ed-c815-43be-bbb6-5cbf7fbb99a5,watt hours,Wh,ENERGY,3600,BIG_DECIMAL,6ffbb92d-74d5-45aa-bd71-02b2496b1928
00f0f991-cee4-428b-a8d5-beda0cc8480b,newtons,N,FORCE,NULL,NULL,NULL
46a6302a-42ef-415f-9e54-8f49ea3ca32f,dynes,dyn,FORCE,0.00001,BIG_DECIMAL,00f0f991-cee4-428b-a8d5-beda0cc8480b
c61043a6-e1f1-4b03-9a3e-665e2ae03f79,kilograms force,kgf,FORCE,9.80665,BIG_DECIMAL,00f0f991-cee4-428b-a8d5-beda0cc8480b
7c0e4363-eb7c-462c-8dda-e497ee1a5746,kilonewtons,kN,FORCE,1000,BIG_DECIMAL,00f0f991-cee4-428b-a8d5-beda0cc8480b
dfcdacad-b7e6-4350-8082-d1d8d95272cc,kips,NULL,FORCE,4448.222,BIG_DECIMAL,00f0f991-cee4-428b-a8d5-beda0cc8480b
3cd67052-31bf-4e88-87e1-c2385af92054,meganewtons,MN,FORCE,1000000,BIG_DECIMAL,00f0f991-cee4-428b-a8d5-beda0cc8480b
5a5bdbf5-e594-4a36-86a3-77007c057b0e,pounds force,lbf,FORCE,4.4482216152605,BIG_DECIMAL,00f0f991-cee4-428b-a8d5-beda0cc8480b
dba44eb3-d681-4c47-a4d9-c24d09050e33,poundals,pdl,FORCE,0.138255,BIG_DECIMAL,00f0f991-cee4-428b-a8d5-beda0cc8480b
cbae32a9-a65e-40ee-8e7f-6352a189212e,sthène,sn,FORCE,1000,BIG_DECIMAL,00f0f991-cee4-428b-a8d5-beda0cc8480b
6afd65c9-6e98-4fba-8cda-4e2c247a9a69,tonnes force,NULL,FORCE,9806.65,BIG_DECIMAL,00f0f991-cee4-428b-a8d5-beda0cc8480b
f4a93c32-59be-4ba2-a465-a54cfd01e990,tons force (UK),NULL,FORCE,9964.01641818352,BIG_DECIMAL,00f0f991-cee4-428b-a8d5-beda0cc8480b
9f9e5e08-4c57-48d0-802b-bc1440d066a2,tons force (US),NULL,FORCE,8896.443230521,BIG_DECIMAL,00f0f991-cee4-428b-a8d5-beda0cc8480b
6a464bf2-670f-42f6-adab-dfb29f37772b,liters/100 kilometer,NULL,FUEL_CONSUMPTION,NULL,NULL,NULL
0c2c2cc7-fc6c-47a9-a9d5-7f86f3c988aa,bicycle (electric),NULL,FUEL_CONSUMPTION,6.1779717543e-7,BIG_DECIMAL,6a464bf2-670f-42f6-adab-dfb29f37772b
afc9a998-0278-4568-8b80-68371a635f60,car (2020 Hyundai Kona Electric),NULL,FUEL_CONSUMPTION,0.000019601215278,BIG_DECIMAL,6a464bf2-670f-42f6-adab-dfb29f37772b
d304aaa1-8f2d-4b0a-9e29-611713e4164e,car (2021 Tesla Model 3 LR),NULL,FUEL_CONSUMPTION,0.000017553327114,BIG_DECIMAL,6a464bf2-670f-42f6-adab-dfb29f37772b
8a8863b4-c9a3-4723-87c7-6c8a6cfece93,car (2020 Tesla Model S LR+),NULL,FUEL_CONSUMPTION,0.000020103810541,BIG_DECIMAL,6a464bf2-670f-42f6-adab-dfb29f37772b
b860adfb-9b3a-4c46-ad79-037229d58c89,car (2021 Honda Accord),NULL,FUEL_CONSUMPTION,0.000049003038194,BIG_DECIMAL,6a464bf2-670f-42f6-adab-dfb29f37772b
219a0eea-50b4-4b92-ac06-175d3b150d88,car (2020 Ford F150),NULL,FUEL_CONSUMPTION,0.000098006076389,BIG_DECIMAL,6a464bf2-670f-42f6-adab-dfb29f37772b
50d123ce-fa77-4494-a032-e8cf47c5ce27,gallons (UK)/100 miles,NULL,FUEL_CONSUMPTION,0.000028248093633182216,BIG_DECIMAL,6a464bf2-670f-42f6-adab-dfb29f37772b
e73380e8-5be7-47e3-b7ab-3f43e22aa048,gallons (US)/100 miles,NULL,FUEL_CONSUMPTION,0.000023521458333333333,BIG_DECIMAL,6a464bf2-670f-42f6-adab-dfb29f37772b
403b735e-011b-4435-89b0-a5c9631072b2,kilowatt hours/100 miles,kWh/100mi,FUEL_CONSUMPTION,6.979661226508e-7,BIG_DECIMAL,6a464bf2-670f-42f6-adab-dfb29f37772b
1cefd410-ebfb-43f7-a818-74e441171f5e,kilowatt hours/100 kilometer,kWh/100km,FUEL_CONSUMPTION,0.000001123267591691329,BIG_DECIMAL,6a464bf2-670f-42f6-adab-dfb29f37772b
9fc0f980-66d7-40d4-83d4-7798787b690a,kilowatt hours/kilometer,kWh/km,FUEL_CONSUMPTION,0.00011232675916913291,BIG_DECIMAL,6a464bf2-670f-42f6-adab-dfb29f37772b
c4184dcb-9206-47c3-ae12-bee127d1da5b,kilometer/kWh,km/kWh,FUEL_CONSUMPTION,0.00011232675916913290752 / ${value},EXPRESSION,6a464bf2-670f-42f6-adab-dfb29f37772b
5f269c69-b6dd-4b6e-a325-b5c55e4c5f38,kilometer/liter,km/l,FUEL_CONSUMPTION,0.001 / ${value},EXPRESSION,6a464bf2-670f-42f6-adab-dfb29f37772b
f915b2c5-d745-4b79-848f-cce84350f29e,liters/meter,l/m,FUEL_CONSUMPTION,1,BIG_DECIMAL,6a464bf2-670f-42f6-adab-dfb29f37772b
82b19bc0-4caf-4fa6-8801-0976caf65457,miles/gallon (UK),mpg,FUEL_CONSUMPTION,2.8248093633182215859381213711925e-3 / ${value},EXPRESSION,6a464bf2-670f-42f6-adab-dfb29f37772b
04c3e633-bcc7-481b-a217-4916d449ace4,miles/gallon (US),mpg,FUEL_CONSUMPTION,2.3521458333333333333333333333333e-3 / ${value},EXPRESSION,6a464bf2-670f-42f6-adab-dfb29f37772b
c9f256a7-a43e-4532-a399-a4ee61abc16b,miles/kWh,mi/kWh,FUEL_CONSUMPTION,6.979661226508e-5 / ${value},EXPRESSION,6a464bf2-670f-42f6-adab-dfb29f37772b
e230eef5-33e0-483c-8b95-fd1271666459,miles/liter,mi/l,FUEL_CONSUMPTION,6.2137119223733396961743418436332e-4 / ${value},EXPRESSION,6a464bf2-670f-42f6-adab-dfb29f37772b
3a764bec-ad4d-4052-8ec5-ae342bcac773,motorcycle (electric Zero SR),NULL,FUEL_CONSUMPTION,0.00000653329109384,BIG_DECIMAL,6a464bf2-670f-42f6-adab-dfb29f37772b
d7a58f99-f7b3-4c97-9767-9bc36a46f167,watt hours/kilometer,Wh/km,FUEL_CONSUMPTION,1.123267591691329e-7,BIG_DECIMAL,6a464bf2-670f-42f6-adab-dfb29f37772b
86572271-a228-4060-a36c-1b52bd740055,watt hours/mile,Wh/mi,FUEL_CONSUMPTION,6.979661226508e-8,BIG_DECIMAL,6a464bf2-670f-42f6-adab-dfb29f37772b
2f3caaa4-a82e-41ff-88dc-8f2e08eefff0,meters,m,LENGTH,NULL,NULL,NULL
7b0f1fb2-2aad-4598-a977-462804eae75f,ångströms,Å,LENGTH,1e-10,BIG_DECIMAL,2f3caaa4-a82e-41ff-88dc-8f2e08eefff0
fdcc1d73-6008-417b-b690-09aba81704bd,astronomical units,au,LENGTH,149597870700,BIG_DECIMAL,2f3caaa4-a82e-41ff-88dc-8f2e08eefff0
d3ecbb5e-e957-40a9-8773-0661351ad260,barleycorns,NULL,LENGTH,0.008467,BIG_DECIMAL,2f3caaa4-a82e-41ff-88dc-8f2e08eefff0
4422240f-575f-4b81-8fbd-5fb1bcc732fa,cables,NULL,LENGTH,182.88,BIG_DECIMAL,2f3caaa4-a82e-41ff-88dc-8f2e08eefff0
f57de327-507d-4f03-a196-a1a7698f9735,centimeters,cm,LENGTH,0.01,BIG_DECIMAL,2f3caaa4-a82e-41ff-88dc-8f2e08eefff0
cbad027e-5e00-4157-bcf0-be460adc7f7e,chains (surveyors'),NULL,LENGTH,20.116840233680467,BIG_DECIMAL,2f3caaa4-a82e-41ff-88dc-8f2e08eefff0
c179b06f-fa92-472b-ab72-3044fda850e6,decimeters,dm,LENGTH,0.1,BIG_DECIMAL,2f3caaa4-a82e-41ff-88dc-8f2e08eefff0
a76d35c4-2da2-4645-8281-5e8b41eeac55,ells (UK),NULL,LENGTH,0.875,BIG_DECIMAL,2f3caaa4-a82e-41ff-88dc-8f2e08eefff0
a0d2e9cf-23a6-4f19-aaab-98e75b7be417,ems (pica),NULL,LENGTH,0.0042333,BIG_DECIMAL,2f3caaa4-a82e-41ff-88dc-8f2e08eefff0
5758a591-b1bf-4248-8ebb-067dec4da261,fathoms,NULL,LENGTH,1.8288,BIG_DECIMAL,2f3caaa4-a82e-41ff-88dc-8f2e08eefff0
a9e15f37-45b5-4e90-993b-fa163e9d8d85,feet (UK & US),NULL,LENGTH,0.3048,BIG_DECIMAL,2f3caaa4-a82e-41ff-88dc-8f2e08eefff0
ac3b887e-6b8b-4bd5-96c2-883ae8288b24,feet (US survey),NULL,LENGTH,0.3048006096012192,BIG_DECIMAL,2f3caaa4-a82e-41ff-88dc-8f2e08eefff0
636800aa-d11a-47ce-88ac-f24e090fbc3d,furlongs,NULL,LENGTH,201.168,BIG_DECIMAL,2f3caaa4-a82e-41ff-88dc-8f2e08eefff0
0d29af74-f130-4941-b967-d54b571ac61d,hands,NULL,LENGTH,0.1016,BIG_DECIMAL,2f3caaa4-a82e-41ff-88dc-8f2e08eefff0
346a0bfb-91ae-44c1-9f15-fa5941e1a963,hectometers,hm,LENGTH,100,BIG_DECIMAL,2f3caaa4-a82e-41ff-88dc-8f2e08eefff0
107040d2-c3ff-431f-a55f-9962beba17c9,inches,in,LENGTH,0.0254,BIG_DECIMAL,2f3caaa4-a82e-41ff-88dc-8f2e08eefff0
26df4e45-2294-4d13-99d2-7dfd474286ed,kilometers,km,LENGTH,1000,BIG_DECIMAL,2f3caaa4-a82e-41ff-88dc-8f2e08eefff0
7ce42098-9d27-4200-bb27-60967dd01d23,light years,NULL,LENGTH,9460528405000000,BIG_DECIMAL,2f3caaa4-a82e-41ff-88dc-8f2e08eefff0
9b801729-292e-4fad-ad18-56c68b92ff85,micrometers,µm,LENGTH,0.000001,BIG_DECIMAL,2f3caaa4-a82e-41ff-88dc-8f2e08eefff0
543906c3-773b-4a71-ac1c-2ed824e35b3a,mil,NULL,LENGTH,0.0000254,BIG_DECIMAL,2f3caaa4-a82e-41ff-88dc-8f2e08eefff0
fc0dc55c-c2f1-438b-a793-6a3e0d7f6924,miles (UK & US),NULL,LENGTH,1609.344,BIG_DECIMAL,2f3caaa4-a82e-41ff-88dc-8f2e08eefff0
f82c6ac7-87f1-4c29-a77b-0bcc5a616b22,"miles (nautical, international)",NULL,LENGTH,1852,BIG_DECIMAL,2f3caaa4-a82e-41ff-88dc-8f2e08eefff0
d75fc653-1ea1-42c9-9ed6-76954248ce71,"miles (nautical, UK)",NULL,LENGTH,1853.184,BIG_DECIMAL,2f3caaa4-a82e-41ff-88dc-8f2e08eefff0
d822a429-c8ce-4295-b258-641b24094fb5,millimeters,mm,LENGTH,0.001,BIG_DECIMAL,2f3caaa4-a82e-41ff-88dc-8f2e08eefff0
3e18ff42-5fa0-475a-93c6-e29ec5e16357,nanometers,nm,LENGTH,1e-9,BIG_DECIMAL,2f3caaa4-a82e-41ff-88dc-8f2e08eefff0
7d07be3c-8703-45f5-8128-75d1356cfab1,parsecs,NULL,LENGTH,30856776000000000,BIG_DECIMAL,2f3caaa4-a82e-41ff-88dc-8f2e08eefff0
2f512e64-ed50-4ac8-875e-3de7b8fbdd7c,picometers,pm,LENGTH,1e-12,BIG_DECIMAL,2f3caaa4-a82e-41ff-88dc-8f2e08eefff0
c7498d4d-0bb1-4d1f-8683-43bb4f767307,Scandinavian mile,NULL,LENGTH,10000,BIG_DECIMAL,2f3caaa4-a82e-41ff-88dc-8f2e08eefff0
bcd5b579-b7e9-443e-85bd-4b438f290d5e,thou,NULL,LENGTH,0.0000254,BIG_DECIMAL,2f3caaa4-a82e-41ff-88dc-8f2e08eefff0
ba49d6ac-2ce6-4227-8a69-a79ef968fe7c,yards,yd,LENGTH,0.9144,BIG_DECIMAL,2f3caaa4-a82e-41ff-88dc-8f2e08eefff0
064655d9-6048-40ea-9693-0430d2440c85,kilograms,kg,WEIGHT,NULL,NULL,NULL
396858ee-c6ea-4a4a-bc85-10c4edd3b4c8,carats (metric),CD,WEIGHT,0.0002,BIG_DECIMAL,064655d9-6048-40ea-9693-0430d2440c85
4dafaaff-4595-41cc-b332-44aa69985ee9,cental,NULL,WEIGHT,45.359237,BIG_DECIMAL,064655d9-6048-40ea-9693-0430d2440c85
9ac28a04-5b20-4498-8437-dd8de6a75e22,decagrams,dag,WEIGHT,0.01,BIG_DECIMAL,064655d9-6048-40ea-9693-0430d2440c85
2bb4825a-4e3d-4937-a841-5054ad63dd41,Earth masses,M⊕,WEIGHT,5.98e+24,BIG_DECIMAL,064655d9-6048-40ea-9693-0430d2440c85
5c5f87b7-576e-4e4e-8942-be4df713fa76,femtograms,fg,WEIGHT,1e-18,BIG_DECIMAL,064655d9-6048-40ea-9693-0430d2440c85
5d3fa059-5250-4481-9235-4f8ff853b0df,grains,gr,WEIGHT,0.00006479891,BIG_DECIMAL,064655d9-6048-40ea-9693-0430d2440c85
10499d87-a2d1-45cd-8801-2feea812dc14,grams,g,WEIGHT,0.001,BIG_DECIMAL,064655d9-6048-40ea-9693-0430d2440c85
a9a85fc3-ed8a-4eec-a3c4-87eed5ff7979,hectograms,hg,WEIGHT,0.1,BIG_DECIMAL,064655d9-6048-40ea-9693-0430d2440c85
044da2fa-12cc-4da9-b6ce-a5439f326e41,hundredweights,cwt,WEIGHT,50.80234544,BIG_DECIMAL,064655d9-6048-40ea-9693-0430d2440c85
f1728aee-289c-401b-b3ca-edfecaeb643f,kilotonnes,kt,WEIGHT,1000000,BIG_DECIMAL,064655d9-6048-40ea-9693-0430d2440c85
2ee2a9ec-651f-445f-8b7b-8cbdff28d2de,megatonnes,Mt,WEIGHT,1000000000,BIG_DECIMAL,064655d9-6048-40ea-9693-0430d2440c85
d4878ab1-2c70-4720-8617-7843fe1e6cb3,micrograms,µg,WEIGHT,1e-9,BIG_DECIMAL,064655d9-6048-40ea-9693-0430d2440c85
51f29f9b-916b-4a5c-affd-2274a1beaaeb,milligrams,mg,WEIGHT,0.000001,BIG_DECIMAL,064655d9-6048-40ea-9693-0430d2440c85
fc4a295a-8b67-4b02-81a3-a6dd0a5cef11,nanograms,ng,WEIGHT,1e-12,BIG_DECIMAL,064655d9-6048-40ea-9693-0430d2440c85
cfff3e91-a72c-4228-9445-e898babc4085,ounces (US & UK),oz,WEIGHT,0.028349523125,BIG_DECIMAL,064655d9-6048-40ea-9693-0430d2440c85
30cc4fc2-dd62-423f-96c3-ea3ceb26ec93,"ounces (troy, precious metals)",oz t,WEIGHT,0.0311034768,BIG_DECIMAL,064655d9-6048-40ea-9693-0430d2440c85
21a100d6-c0bc-4d75-bc25-e24b438f2d37,picograms,pg,WEIGHT,1e-15,BIG_DECIMAL,064655d9-6048-40ea-9693-0430d2440c85
332eb260-d91e-4060-9cb8-4a357a204fa8,pounds (US & UK),lbs,WEIGHT,0.45359237,BIG_DECIMAL,064655d9-6048-40ea-9693-0430d2440c85
70d3ed6e-9759-4094-932f-2100bb9a0195,"pounds (troy, precious metals)",lb t,WEIGHT,0.3732417216,BIG_DECIMAL,064655d9-6048-40ea-9693-0430d2440c85
f429a1dd-73f1-46a2-85c4-88f728f4c2ef,Solar masses,M☉,WEIGHT,1.989e+30,BIG_DECIMAL,064655d9-6048-40ea-9693-0430d2440c85
30bf039e-f053-45ed-900d-4caeaa46bece,slugs (g-pounds),NULL,WEIGHT,14.593903,BIG_DECIMAL,064655d9-6048-40ea-9693-0430d2440c85
00c33b47-fa10-47da-af38-3988527b3966,stones,st,WEIGHT,6.35029318,BIG_DECIMAL,064655d9-6048-40ea-9693-0430d2440c85
453f89c0-981c-4515-a10d-23808638ac90,tons (UK or long),LT,WEIGHT,1016.0469088,BIG_DECIMAL,064655d9-6048-40ea-9693-0430d2440c85
782857ea-139f-41f8-b476-7b86008254f4,tons (US or short),ST,WEIGHT,907.18474,BIG_DECIMAL,064655d9-6048-40ea-9693-0430d2440c85
bdf2acee-d673-4eb5-8eca-d2a1a2b97423,tonnes (metric),t,WEIGHT,1000,BIG_DECIMAL,064655d9-6048-40ea-9693-0430d2440c85
6be62578-f7e0-4e0f-9fba-8fe16975e910,watts,W,POWER,NULL,NULL,NULL
51b7bf28-2a80-42a1-bda4-78a8c3f558af,Btu/hour,NULL,POWER,0.2930711,BIG_DECIMAL,6be62578-f7e0-4e0f-9fba-8fe16975e910
6d66588a-5ef6-4d4d-bc45-234b9c0de738,Btu/minute,NULL,POWER,17.584267,BIG_DECIMAL,6be62578-f7e0-4e0f-9fba-8fe16975e910
62df4f50-5617-415e-8485-ebb3f12103ad,Btu/second,NULL,POWER,1055.056,BIG_DECIMAL,6be62578-f7e0-4e0f-9fba-8fe16975e910
d236b499-e005-4549-9952-21fc134c4d69,calories(th)/hour,NULL,POWER,0.001162222222222222,BIG_DECIMAL,6be62578-f7e0-4e0f-9fba-8fe16975e910
ed3f9b6c-151b-4040-8e21-7286974a2336,calories(th)/minute,NULL,POWER,0.06973333333333333,BIG_DECIMAL,6be62578-f7e0-4e0f-9fba-8fe16975e910
25aca962-b633-4803-87c3-e168497c6718,calories(th)/second,NULL,POWER,4.184,BIG_DECIMAL,6be62578-f7e0-4e0f-9fba-8fe16975e910
e87d339c-621a-4ad8-9bcd-b4fb15e86771,foot pounds-force/minute,NULL,POWER,0.022597,BIG_DECIMAL,6be62578-f7e0-4e0f-9fba-8fe16975e910
5b0089c0-fedf-43d3-8907-5dd757c3656b,foot pounds-force/second,NULL,POWER,1.35582,BIG_DECIMAL,6be62578-f7e0-4e0f-9fba-8fe16975e910
f19061f8-ac35-43d0-a828-785ec978c228,gigawatts,GW,POWER,1000000000,BIG_DECIMAL,6be62578-f7e0-4e0f-9fba-8fe16975e910
90de3fe9-5251-48ea-9fde-c85795f8ac1a,horsepowers (electric),NULL,POWER,746,BIG_DECIMAL,6be62578-f7e0-4e0f-9fba-8fe16975e910
4bfab9ef-3e20-4fb7-b626-dfbd271a64c8,horsepowers (international),NULL,POWER,745.6998715822702,BIG_DECIMAL,6be62578-f7e0-4e0f-9fba-8fe16975e910
620db646-8917-46cf-af1d-e19a115ba276,horsepowers (water),NULL,POWER,746.043,BIG_DECIMAL,6be62578-f7e0-4e0f-9fba-8fe16975e910
8b936ee7-f482-4619-bd25-0fe3fdde08a6,horsepowers (metric),NULL,POWER,735.4988,BIG_DECIMAL,6be62578-f7e0-4e0f-9fba-8fe16975e910
b6e3aaf4-56ce-4426-9069-829980c4214a,joules/hour,NULL,POWER,0.0002777777777777778,BIG_DECIMAL,6be62578-f7e0-4e0f-9fba-8fe16975e910
43169cdf-60cc-403a-ac0f-4c51b6d7e6fd,joules/minute,NULL,POWER,0.016666666666666666,BIG_DECIMAL,6be62578-f7e0-4e0f-9fba-8fe16975e910
7ab4c986-dd13-4952-a45b-effe9fc61f4b,joules/second,NULL,POWER,1,BIG_DECIMAL,6be62578-f7e0-4e0f-9fba-8fe16975e910
840cf5cd-17c5-4ec3-b3ac-897984495dad,kilocalories(th)/hour,NULL,POWER,1.1622222222222223,BIG_DECIMAL,6be62578-f7e0-4e0f-9fba-8fe16975e910
7c92d2c2-634b-4e5c-a8fb-04036aca7684,kilocalories(th)/minute,NULL,POWER,69.73333333333333,BIG_DECIMAL,6be62578-f7e0-4e0f-9fba-8fe16975e910
2a204d86-2410-4dc5-b66c-fa2c1b104271,kilogram-force meters/hour,NULL,POWER,0.002724,BIG_DECIMAL,6be62578-f7e0-4e0f-9fba-8fe16975e910
55e4059e-aa60-416c-98bd-3bd8f6d8f620,kilogram-force meters/minute,NULL,POWER,0.163444,BIG_DECIMAL,6be62578-f7e0-4e0f-9fba-8fe16975e910
f7bb481a-3baf-4b69-a74e-15967c251a7b,kilowatts,kW,POWER,1000,BIG_DECIMAL,6be62578-f7e0-4e0f-9fba-8fe16975e910
2863cf54-baff-4286-b615-51f6d51160ce,megawatts,MW,POWER,1000000,BIG_DECIMAL,6be62578-f7e0-4e0f-9fba-8fe16975e910
11f97f81-0ff7-4141-b297-34116efbb74d,terawatts,TW,POWER,1000000000000,BIG_DECIMAL,6be62578-f7e0-4e0f-9fba-8fe16975e910
bd361743-da55-4229-8a21-3a65fe9e38c9,ton of refrigeration,TR,POWER,3516.853,BIG_DECIMAL,6be62578-f7e0-4e0f-9fba-8fe16975e910
950df506-6bef-4bfe-b21d-cd297c4f10a1,petawatts,PW,POWER,1000000000000000,BIG_DECIMAL,6be62578-f7e0-4e0f-9fba-8fe16975e910
c0c5c697-0b5f-415f-b5ac-e9259a5ce4f3,pascals,Pa,PRESSURE,NULL,NULL,NULL
6a22d733-d8a3-4442-af78-740d5ece3110,atmospheres,atm,PRESSURE,101325,BIG_DECIMAL,c0c5c697-0b5f-415f-b5ac-e9259a5ce4f3
bc9dfe46-efef-482e-aca8-371cafe9d355,bars,NULL,PRESSURE,100000,BIG_DECIMAL,c0c5c697-0b5f-415f-b5ac-e9259a5ce4f3
df7c53d4-d39b-4e39-9790-7ef496eb3c75,centimeters mercury,NULL,PRESSURE,1333.22,BIG_DECIMAL,c0c5c697-0b5f-415f-b5ac-e9259a5ce4f3
8661ad9c-827f-47e6-889d-e761e785bef6,centimeters water,NULL,PRESSURE,98.0665,BIG_DECIMAL,c0c5c697-0b5f-415f-b5ac-e9259a5ce4f3
82e1bbdd-02a3-4156-aa96-da634cae482e,feet of water,NULL,PRESSURE,2989.06692,BIG_DECIMAL,c0c5c697-0b5f-415f-b5ac-e9259a5ce4f3
91cf52da-e081-4f38-9398-1fd20580aff8,hectopascals,hPa,PRESSURE,100,BIG_DECIMAL,c0c5c697-0b5f-415f-b5ac-e9259a5ce4f3
616f5663-d134-41b7-ae82-c1f1c6cc7f99,inches of water,NULL,PRESSURE,249.08891,BIG_DECIMAL,c0c5c697-0b5f-415f-b5ac-e9259a5ce4f3
bf9a87d4-9863-49bb-acdc-eb5fa1fe84e5,inches of mercury,NULL,PRESSURE,3386.388,BIG_DECIMAL,c0c5c697-0b5f-415f-b5ac-e9259a5ce4f3
1a1ff484-5ce8-49a7-b8db-017332773952,kilogram-forces/sq.centimeter,NULL,PRESSURE,98066.5,BIG_DECIMAL,c0c5c697-0b5f-415f-b5ac-e9259a5ce4f3
7070a4c1-d187-45f1-812b-ed3de311d606,kilogram-forces/sq.meter,NULL,PRESSURE,9.80665,BIG_DECIMAL,c0c5c697-0b5f-415f-b5ac-e9259a5ce4f3
20f8fd6d-1640-4c55-8db0-2ad133585b5f,kilonewtons/sq.meter,NULL,PRESSURE,1000,BIG_DECIMAL,c0c5c697-0b5f-415f-b5ac-e9259a5ce4f3
8b97bdb1-f6f2-4147-8043-3389c98de742,kilonewtons/sq.millimeter,NULL,PRESSURE,1000000000,BIG_DECIMAL,c0c5c697-0b5f-415f-b5ac-e9259a5ce4f3
f5128be1-6414-4d7b-8782-d2cf0e1af45c,kilopascals [kPa],NULL,PRESSURE,1000,BIG_DECIMAL,c0c5c697-0b5f-415f-b5ac-e9259a5ce4f3
e70ddc47-e6c0-446c-add9-88590718a90b,kips/sq.inch,NULL,PRESSURE,6894760,BIG_DECIMAL,c0c5c697-0b5f-415f-b5ac-e9259a5ce4f3
d56861f2-235c-4ee8-9013-0dd15e45cecb,meganewtons/sq.meter,NULL,PRESSURE,1000000,BIG_DECIMAL,c0c5c697-0b5f-415f-b5ac-e9259a5ce4f3
becf063b-c903-4f5c-9a06-67665d3d5c06,meganewtons/sq.millimeter,NULL,PRESSURE,1000000000000,BIG_DECIMAL,c0c5c697-0b5f-415f-b5ac-e9259a5ce4f3
fd052eb1-d21e-4e9f-a7bb-6f5a13210459,megapascals [MPa],NULL,PRESSURE,1000000,BIG_DECIMAL,c0c5c697-0b5f-415f-b5ac-e9259a5ce4f3
25c590cf-30e5-4c8d-a041-7c012130341b,meters of water,NULL,PRESSURE,9806.65,BIG_DECIMAL,c0c5c697-0b5f-415f-b5ac-e9259a5ce4f3
54158bed-d0f0-4ce8-8365-c6b5325fad1c,millibars,NULL,PRESSURE,100,BIG_DECIMAL,c0c5c697-0b5f-415f-b5ac-e9259a5ce4f3
d627ee00-8906-4811-afcc-bc473869ab64,millimeters of mercury,mmHg,PRESSURE,133.322,BIG_DECIMAL,c0c5c697-0b5f-415f-b5ac-e9259a5ce4f3
68b93903-0d7e-4680-a14c-fecdb98dca96,millimeters of water,NULL,PRESSURE,9.80665,BIG_DECIMAL,c0c5c697-0b5f-415f-b5ac-e9259a5ce4f3
8eb8eda1-8f56-4a40-98d7-6bc74083298a,newtons/sq.centimeter,N/cm²,PRESSURE,10000,BIG_DECIMAL,c0c5c697-0b5f-415f-b5ac-e9259a5ce4f3
aa4ea2f1-411d-486f-b5ea-1fd8aae9b254,newtons/sq.meter,N/m²,PRESSURE,1,BIG_DECIMAL,c0c5c697-0b5f-415f-b5ac-e9259a5ce4f3
0a299d06-9f78-4545-bc83-24e1fee015f4,newtons/sq.millimeter,N/mm²,PRESSURE,1000000,BIG_DECIMAL,c0c5c697-0b5f-415f-b5ac-e9259a5ce4f3
83aa6549-922f-4657-85d8-e551c5c86cd4,pounds-force/sq.foot,psf,PRESSURE,47.880258980335846,BIG_DECIMAL,c0c5c697-0b5f-415f-b5ac-e9259a5ce4f3
bb2b8b5b-7829-4a06-8e54-cc13e639e078,pounds-force/sq.inch,psi,PRESSURE,6894.757293168362,BIG_DECIMAL,c0c5c697-0b5f-415f-b5ac-e9259a5ce4f3
08293152-06f1-4a24-8aac-1a5e34e3afc7,poundals/sq.foot,NULL,PRESSURE,1.44816,BIG_DECIMAL,c0c5c697-0b5f-415f-b5ac-e9259a5ce4f3
47699b32-2afd-4ded-9775-8df0304f850c,tons (UK)-force/sq.foot,NULL,PRESSURE,107251,BIG_DECIMAL,c0c5c697-0b5f-415f-b5ac-e9259a5ce4f3
7b630bce-3222-4a33-b750-26208311f27f,tons (UK)-force/sq.inch,NULL,PRESSURE,15444300,BIG_DECIMAL,c0c5c697-0b5f-415f-b5ac-e9259a5ce4f3
e13408e6-8669-4364-8dd9-86449904dabe,tons (US)-force/sq.foot,NULL,PRESSURE,95760,BIG_DECIMAL,c0c5c697-0b5f-415f-b5ac-e9259a5ce4f3
ab3a757e-71ad-49d9-8396-afe3d9d4a86b,tons (US)-force/sq.inch,NULL,PRESSURE,13789500,BIG_DECIMAL,c0c5c697-0b5f-415f-b5ac-e9259a5ce4f3
37d851db-4527-477c-89c5-36a451b588cf,tonnes-force/sq.cm,NULL,PRESSURE,98066500,BIG_DECIMAL,c0c5c697-0b5f-415f-b5ac-e9259a5ce4f3
c913b969-5d0c-4d0a-af77-99f868381ab8,tonnes-force/sq.meter,NULL,PRESSURE,9806.65,BIG_DECIMAL,c0c5c697-0b5f-415f-b5ac-e9259a5ce4f3
a0b656bf-2768-49d7-bdb0-238d043b5ffa,torr (mm Hg 0°C),NULL,PRESSURE,133.322,BIG_DECIMAL,c0c5c697-0b5f-415f-b5ac-e9259a5ce4f3
2ed46051-5df9-413c-b998-ef4f24ab4fb2,meters/second,m/s,SPEED,NULL,NULL,NULL
12782e16-84d7-46cb-9648-167c030be4d4,centimeters/minute,NULL,SPEED,0.00016666666666666666,BIG_DECIMAL,2ed46051-5df9-413c-b998-ef4f24ab4fb2
3ad2ee00-9919-43da-9e64-2b01a07d11bf,centimeters/second,NULL,SPEED,0.01,BIG_DECIMAL,2ed46051-5df9-413c-b998-ef4f24ab4fb2
9c922f39-7bc1-47ea-8bdc-3fd320145e44,feet/hour,NULL,SPEED,0.00008466683600033866,BIG_DECIMAL,2ed46051-5df9-413c-b998-ef4f24ab4fb2
a546b837-de69-4f36-87ff-e8bb2d325d5b,feet/minute,NULL,SPEED,0.00508,BIG_DECIMAL,2ed46051-5df9-413c-b998-ef4f24ab4fb2
17fc988a-ae12-486b-a720-d294314f5762,feet/second,ft/s,SPEED,0.3048,BIG_DECIMAL,2ed46051-5df9-413c-b998-ef4f24ab4fb2
5ef7f0cf-a47d-4233-901e-4bac29babc13,inches/minute,NULL,SPEED,0.0004233341800016934,BIG_DECIMAL,2ed46051-5df9-413c-b998-ef4f24ab4fb2
7d5db2d0-752c-4e4c-bd6b-f3d69aaf1a60,inches/second,NULL,SPEED,0.0254,BIG_DECIMAL,2ed46051-5df9-413c-b998-ef4f24ab4fb2
5f0f753f-9e66-473f-8a5a-8a6ebd8ae1ce,kilometers/hour,km/h,SPEED,0.2777777777777778,BIG_DECIMAL,2ed46051-5df9-413c-b998-ef4f24ab4fb2
ebf1e132-977b-4f59-aa7c-d06b98a2cec0,kilometers/second,NULL,SPEED,1000,BIG_DECIMAL,2ed46051-5df9-413c-b998-ef4f24ab4fb2
eaa4c14b-7291-42ed-89fd-e381fa965112,knots,kn,SPEED,0.5144444444444445,BIG_DECIMAL,2ed46051-5df9-413c-b998-ef4f24ab4fb2
3dc0f3e8-7fe9-486a-99ba-379f571f32b4,Mach number (ISA/Sea level),NULL,SPEED,340.2933,BIG_DECIMAL,2ed46051-5df9-413c-b998-ef4f24ab4fb2
34525473-2ec4-4b58-bc60-685e72fe4c73,meters/hour,m/h,SPEED,0.0002777777777777778,BIG_DECIMAL,2ed46051-5df9-413c-b998-ef4f24ab4fb2
8a6ad99f-daa2-49f3-babe-e1e91d59aa95,meters/minute,NULL,SPEED,0.016666666666666666,BIG_DECIMAL,2ed46051-5df9-413c-b998-ef4f24ab4fb2
81e2ae55-d414-4518-8965-8dfb55954fcd,miles/hour,mph,SPEED,0.44704,BIG_DECIMAL,2ed46051-5df9-413c-b998-ef4f24ab4fb2
7ca69206-e70e-4e24-905c-fcdc8e14ce0a,miles/minute,NULL,SPEED,26.8224,BIG_DECIMAL,2ed46051-5df9-413c-b998-ef4f24ab4fb2
6c6f7184-de62-4815-8687-f52025f32963,miles/second,NULL,SPEED,1609.344,BIG_DECIMAL,2ed46051-5df9-413c-b998-ef4f24ab4fb2
478a81a9-9549-4a81-b791-1941f89a3a8d,nautical miles/hour,NULL,SPEED,0.5144444444444445,BIG_DECIMAL,2ed46051-5df9-413c-b998-ef4f24ab4fb2
060e5bb7-2d62-4534-9c21-242ff2a4559f,Nm/24hr,NULL,SPEED,0.021435185185185186,BIG_DECIMAL,2ed46051-5df9-413c-b998-ef4f24ab4fb2
9e561ddf-e8f3-4bf4-8a1e-49c9f3992354,speed of light,NULL,SPEED,299790000,BIG_DECIMAL,2ed46051-5df9-413c-b998-ef4f24ab4fb2
3b560b80-ae2e-4af6-8321-035a726fdeb5,speed of sound,NULL,SPEED,343,BIG_DECIMAL,2ed46051-5df9-413c-b998-ef4f24ab4fb2
91080071-5dec-41dd-bdb7-42a76fc5d75d,yards/hour,NULL,SPEED,0.000254000508001016,BIG_DECIMAL,2ed46051-5df9-413c-b998-ef4f24ab4fb2
bacda02f-47e3-4f03-8749-3b4dbc14d622,yards/minute,NULL,SPEED,0.01524,BIG_DECIMAL,2ed46051-5df9-413c-b998-ef4f24ab4fb2
09040f01-bb36-45ca-bf3b-5418e1b3bf36,yards/second,NULL,SPEED,0.9144,BIG_DECIMAL,2ed46051-5df9-413c-b998-ef4f24ab4fb2
b1313d6f-190f-4943-81f8-dbd82773ae4d,Celsius,°C,TEMPERATURE,NULL,NULL,NULL
c4df1cc0-59db-4dbf-acb8-6d722977b9b2,Fahrenheit,°F,TEMPERATURE,5/9 * (${value} + 459.67),EXPRESSION,b1313d6f-190f-4943-81f8-dbd82773ae4d
60695019-c44a-4b53-9f68-56036bce44ac,Kelvin,K,TEMPERATURE,1,BIG_DECIMAL,b1313d6f-190f-4943-81f8-dbd82773ae4d
2e198d80-d419-4a8e-a05e-785fd1241f48,Rankine,°R,TEMPERATURE,5/9 * ${value},EXPRESSION,b1313d6f-190f-4943-81f8-dbd82773ae4d
f044827e-5927-48dc-a1de-ca1991dcbf66,Réaumure,°Ré,TEMPERATURE,5/4 * ${value} + 273.15,EXPRESSION,b1313d6f-190f-4943-81f8-dbd82773ae4d
3e9c562b-0092-4902-a7a4-df1950b7d121,seconds,s,TIME,NULL,NULL,NULL
560ddffd-5529-4da1-b299-bb8c84efc6e1,centuries,NULL,TIME,3153600000,BIG_DECIMAL,3e9c562b-0092-4902-a7a4-df1950b7d121
31d7774c-9825-4d67-b3a8-8425ba429d7e,days,d,TIME,86400,BIG_DECIMAL,3e9c562b-0092-4902-a7a4-df1950b7d121
c8b3c0d2-c339-4750-b54a-09fbfaaf4dfb,decades,NULL,TIME,315360000,BIG_DECIMAL,3e9c562b-0092-4902-a7a4-df1950b7d121
c748b431-fe0b-4ee2-ae80-ea67b3285598,femtoseconds,fs,TIME,1e-15,BIG_DECIMAL,3e9c562b-0092-4902-a7a4-df1950b7d121
edfb07b0-f666-45f6-8e6f-3d8e153e894e,fortnights,NULL,TIME,1209600,BIG_DECIMAL,3e9c562b-0092-4902-a7a4-df1950b7d121
bb4a5174-9eec-4d4b-b3e2-6f004abb48e5,hours,h,TIME,3600,BIG_DECIMAL,3e9c562b-0092-4902-a7a4-df1950b7d121
670ae67b-aa35-4378-a605-adcb6b085913,microseconds,μs,TIME,0.000001,BIG_DECIMAL,3e9c562b-0092-4902-a7a4-df1950b7d121
cca652a4-baf8-49f4-9055-94017c194ee7,millenia,NULL,TIME,31536000000,BIG_DECIMAL,3e9c562b-0092-4902-a7a4-df1950b7d121
c9138bae-ad02-43b7-a93f-ef9891e45d58,milliseconds,ms,TIME,0.001,BIG_DECIMAL,3e9c562b-0092-4902-a7a4-df1950b7d121
70a59241-9c2c-44ab-9107-28559e93c13b,minutes,min,TIME,60,BIG_DECIMAL,3e9c562b-0092-4902-a7a4-df1950b7d121
cd7cba2e-eba2-45ac-a4cb-a793c3a559c7,months (Common),NULL,TIME,2628000,BIG_DECIMAL,3e9c562b-0092-4902-a7a4-df1950b7d121
4f8b515c-96b5-4c7f-84c7-b22fdc28d6b3,months (Synodic),NULL,TIME,2551442.8896,BIG_DECIMAL,3e9c562b-0092-4902-a7a4-df1950b7d121
53fb27ae-5c21-415b-bee0-f67f28506539,nanoseconds,ns,TIME,1e-9,BIG_DECIMAL,3e9c562b-0092-4902-a7a4-df1950b7d121
5a52eb3d-cb9f-4dee-a586-4fb4b44bce50,picoseconds,ps,TIME,1e-12,BIG_DECIMAL,3e9c562b-0092-4902-a7a4-df1950b7d121
53febd1e-f969-4641-9463-95f98be7375a,quarters (Common),NULL,TIME,7884000,BIG_DECIMAL,3e9c562b-0092-4902-a7a4-df1950b7d121
7ce1017c-65ba-4b7c-bdf7-cf3be52e91d0,shakes,NULL,TIME,1e-8,BIG_DECIMAL,3e9c562b-0092-4902-a7a4-df1950b7d121
398c31a1-8705-4bf2-a5f4-24ee13492901,weeks,NULL,TIME,604800,BIG_DECIMAL,3e9c562b-0092-4902-a7a4-df1950b7d121
4e1e5974-1ab1-4eb4-a38d-331bd912e29c,years (Common),y,TIME,31536000,BIG_DECIMAL,3e9c562b-0092-4902-a7a4-df1950b7d121
67976d29-6866-4b03-b467-f2d735f289b5,years (Average Gregorian),NULL,TIME,31556952,BIG_DECIMAL,3e9c562b-0092-4902-a7a4-df1950b7d121
bd93caa2-14c8-48d9-ad60-c4d9d5911505,years (Julian),NULL,TIME,31557600,BIG_DECIMAL,3e9c562b-0092-4902-a7a4-df1950b7d121
16a5263e-1c23-4bd6-84e7-00fe227abbe4,years (Leap),NULL,TIME,31622400,BIG_DECIMAL,3e9c562b-0092-4902-a7a4-df1950b7d121
31c34ef6-a151-4c7e-ab50-5bdca38c40a9,years (Tropical),NULL,TIME,31556925.216,BIG_DECIMAL,3e9c562b-0092-4902-a7a4-df1950b7d121
aede7d01-c353-43bb-b8ad-90ffaf3d4f86,liters,l or L,VOLUME,NULL,NULL,NULL
5ba27186-9690-4a47-9424-740005098a17,acre foot,NULL,VOLUME,1233481.83754752,BIG_DECIMAL,aede7d01-c353-43bb-b8ad-90ffaf3d4f86
df0b5c79-4d92-44b9-9ab1-ba4a31c9fd19,barrels (oil),bbl,VOLUME,158.987294928,BIG_DECIMAL,aede7d01-c353-43bb-b8ad-90ffaf3d4f86
c7424b14-2aeb-4022-8c18-1621a4aaa4c7,bushels (UK),NULL,VOLUME,36.36872,BIG_DECIMAL,aede7d01-c353-43bb-b8ad-90ffaf3d4f86
35fb11c9-0968-428f-82a2-ab8c1f7cf205,bushels (US),NULL,VOLUME,35.23907016688,BIG_DECIMAL,aede7d01-c353-43bb-b8ad-90ffaf3d4f86
c2cd72f4-a7f3-4fdc-941b-e8f108c8a97f,centiliters,NULL,VOLUME,0.01,BIG_DECIMAL,aede7d01-c353-43bb-b8ad-90ffaf3d4f86
0211fd85-3536-4cfd-9a9b-93375a2b6dd8,cubic centimeters,cm³,VOLUME,0.001,BIG_DECIMAL,aede7d01-c353-43bb-b8ad-90ffaf3d4f86
2e63815e-cddc-43c6-8746-e7e09c6d78c9,cubic decimeters,dm³,VOLUME,1,BIG_DECIMAL,aede7d01-c353-43bb-b8ad-90ffaf3d4f86
17f8de48-e0f1-44af-ab20-0320780cd07e,cubic decameters,NULL,VOLUME,1000000,BIG_DECIMAL,aede7d01-c353-43bb-b8ad-90ffaf3d4f86
a5687da3-04e8-43f9-bb90-1931c8797f40,cubic feet,ft³,VOLUME,28.316846592,BIG_DECIMAL,aede7d01-c353-43bb-b8ad-90ffaf3d4f86
3e247052-c759-41c3-804a-c762ded681e6,cubic inches,NULL,VOLUME,0.016387064,BIG_DECIMAL,aede7d01-c353-43bb-b8ad-90ffaf3d4f86
0380a38a-2102-4a0c-9375-7904b3895ecd,cubic kilometers,NULL,VOLUME,1000000000000,BIG_DECIMAL,aede7d01-c353-43bb-b8ad-90ffaf3d4f86
e6d51e4a-6072-4059-85fa-9fb4e725249c,cubic meters,m³,VOLUME,1000,BIG_DECIMAL,aede7d01-c353-43bb-b8ad-90ffaf3d4f86
11f2eb82-616a-4268-baad-b356e473e3b9,cubic mile,NULL,VOLUME,4168181825000,BIG_DECIMAL,aede7d01-c353-43bb-b8ad-90ffaf3d4f86
b951f29c-216b-4cad-9f18-eb9eafc4c28d,cubic millimeters,NULL,VOLUME,0.000001,BIG_DECIMAL,aede7d01-c353-43bb-b8ad-90ffaf3d4f86
026799e1-19f5-4405-a32b-6e53682d1ebe,cubic yards,NULL,VOLUME,764.554857984,BIG_DECIMAL,aede7d01-c353-43bb-b8ad-90ffaf3d4f86
883c0395-7025-46f2-82d1-15bb7ce4fb37,cups,NULL,VOLUME,0.2365882365,BIG_DECIMAL,aede7d01-c353-43bb-b8ad-90ffaf3d4f86
c278a466-a474-402a-a0b4-24df0f58d508,deciliters,NULL,VOLUME,0.1,BIG_DECIMAL,aede7d01-c353-43bb-b8ad-90ffaf3d4f86
4db92376-8607-4cd3-8612-24e6e29e7d46,dram (imperial),NULL,VOLUME,0.0035516328125,BIG_DECIMAL,aede7d01-c353-43bb-b8ad-90ffaf3d4f86
d24cfe1b-b765-4ba2-bbcb-bb0ca128cc32,dram (US),NULL,VOLUME,0.0036966911953125,BIG_DECIMAL,aede7d01-c353-43bb-b8ad-90ffaf3d4f86
d7cc6963-0dd4-46ae-90d0-b8645bd46607,fluid ounces (imperial),fl oz,VOLUME,0.0284130625,BIG_DECIMAL,aede7d01-c353-43bb-b8ad-90ffaf3d4f86
f1bc6ad0-3bb1-477d-8b66-2cd346e5f8cf,fluid ounces (US),fl oz,VOLUME,0.0295735295625,BIG_DECIMAL,aede7d01-c353-43bb-b8ad-90ffaf3d4f86
7fd27419-ac17-48c5-8374-512a163909c9,gallons (imperial),gal,VOLUME,4.54609,BIG_DECIMAL,aede7d01-c353-43bb-b8ad-90ffaf3d4f86
d3d4f6af-533f-41f9-8680-29f9ce83e27b,"gallons, dry (US)",NULL,VOLUME,4.40488377086,BIG_DECIMAL,aede7d01-c353-43bb-b8ad-90ffaf3d4f86
d9b7c50e-81cf-45e1-815a-4fb249f0ecbe,"gallons, liquid (US)",gal,VOLUME,3.785411784,BIG_DECIMAL,aede7d01-c353-43bb-b8ad-90ffaf3d4f86
1ded7d43-7899-4b6d-9f35-0ede897f2fa2,gill (imperial),gi,VOLUME,0.1420653125,BIG_DECIMAL,aede7d01-c353-43bb-b8ad-90ffaf3d4f86
2e88fdc1-6696-44b9-8d58-483a9eccff06,gill (US),gi,VOLUME,0.11829411825,BIG_DECIMAL,aede7d01-c353-43bb-b8ad-90ffaf3d4f86
e361156e-31b9-42e3-a7cb-e838827bb9f5,kiloliters,kl,VOLUME,1000,BIG_DECIMAL,aede7d01-c353-43bb-b8ad-90ffaf3d4f86
804ab571-4e59-4ac2-9b0c-232a810b42b1,liters (1901-1964),NULL,VOLUME,1.000028,BIG_DECIMAL,aede7d01-c353-43bb-b8ad-90ffaf3d4f86
ec4086c7-5f2f-44c7-9321-65b5567a5713,milliliters,ml,VOLUME,0.001,BIG_DECIMAL,aede7d01-c353-43bb-b8ad-90ffaf3d4f86
7ed1ca1a-e55f-4b69-9d84-e3caa3ec2a76,microliters,µl,VOLUME,0.000001,BIG_DECIMAL,aede7d01-c353-43bb-b8ad-90ffaf3d4f86
1a1d8bb6-435f-4aeb-b95d-e25ba9365db6,nanoliters,nl,VOLUME,1e-9,BIG_DECIMAL,aede7d01-c353-43bb-b8ad-90ffaf3d4f86
c04f3d1f-f5af-49d4-85f1-161ec3be26f7,picoliters,pl,VOLUME,1e-12,BIG_DECIMAL,aede7d01-c353-43bb-b8ad-90ffaf3d4f86
e98e879d-48ce-493d-b419-6168d4a4bdb5,pints (imperial),pt,VOLUME,0.56826125,BIG_DECIMAL,aede7d01-c353-43bb-b8ad-90ffaf3d4f86
c7959fef-690d-4d04-9cc2-ac3dfdeab1cf,"pints, dry (US)",NULL,VOLUME,0.5506104713575,BIG_DECIMAL,aede7d01-c353-43bb-b8ad-90ffaf3d4f86
bdf01fdd-66f5-4cf7-8ae4-b506f955f621,"pints, liquid (US)",pt,VOLUME,0.473176473,BIG_DECIMAL,aede7d01-c353-43bb-b8ad-90ffaf3d4f86
7fd8b15f-19ed-4583-97af-839cce93a410,quarts (imperial),qt,VOLUME,1.1365225,BIG_DECIMAL,aede7d01-c353-43bb-b8ad-90ffaf3d4f86
f0d3309c-7025-4f0c-b84d-4e71fac9f9a8,"quarts, dry (US)",NULL,VOLUME,1.101220942715,BIG_DECIMAL,aede7d01-c353-43bb-b8ad-90ffaf3d4f86
3191676d-120e-434f-b711-4974ff3331c7,"quarts, liquid (US)",qt,VOLUME,0.946352946,BIG_DECIMAL,aede7d01-c353-43bb-b8ad-90ffaf3d4f86
3bc25e14-7516-4f23-ac31-e5d25fb79621,table spoons,NULL,VOLUME,0.01478676478125,BIG_DECIMAL,aede7d01-c353-43bb-b8ad-90ffaf3d4f86
b2a7e1cb-2aef-4a62-b62a-1320f7e3da18,tea spoons,NULL,VOLUME,0.00492892159375,BIG_DECIMAL,aede7d01-c353-43bb-b8ad-90ffaf3d4f86
